{
    "model": "rainbow:gun/rb40_geo",
    "texture": "rainbow:gun/uv/rb40",
    "slot": "rainbow:gun/slot/rb40",
    "hud": "rainbow:gun/hud/rb40",
    "muzzle_flash": {
      "texture": "rainbow:flash/circle_flash",
      "scale": 0.8
    },
    
    "transform": {
        "scale": {
            "thirdperson": [
                0.6,
                0.6,
                0.6
            ],
            "ground": [
                0.6,
                0.6,
                0.6
            ],
            "fixed": [
                1.0,
                1.0,
                1.0
            ]
        }
    },
    "lod": {
        
        "model": "rainbow:gun/lod/rb40_lod_geo",
        "texture": "rainbow:gun/lod/rb40_lod"
    },
    "third_person_animation": "default",
    "sounds": {
        "shoot": "rainbow:rb40/rb40_shoot",
        "reload_empty":"rainbow:rb40/rb40_reload_empty",
        "draw":"rainbow:rb40/rb40_draw",
        "put_away":"rainbow:rb40/rb40_put_away",
        "reload_tactical":"rainbow:rb40/rb40_reload_tactical",
        "inspect":"rainbow:rb40/rb40_inspect",
        "inspect_empty":"rainbow:rb40/rb40_inspect_empty",
        "shoot_3p":"rainbow:rb40/rb40_shoot_3p"

    },
    "shell": {
        "initial_velocity": [
            -3,
            2,
            1
        ],
        "random_velocity": [
            1,
            1,
            0.25
        ],
        "acceleration": [
            0.0,
            -10,
            0.0
        ],
        "angular_velocity": [
            360,
            -1200,
            90
        ],
        "living_time": 1.0
    },
    "animation": "rainbow:rb40",
    "use_default_animation": "pistol",
    "text_show": {
        "ammo_count_text_show_pos": {
            "scale": 0.325,
            "align": "center",
            "shadow": false,
            "color": "#ff50f8",
            "light": 15,
            "text": "rb40_ammo_count"
        }
    ,
        "ammo_count_text_show_pos2": {
            "scale": 0.325,
            "align": "center",
            "shadow": false,
            "color": "#ff1919",
            "light": 15,
            "text": "rb40_ammoampty_count"
        }
    }
}