{
    "model": "rainbow:gun/rb60_gs_geo",
    "texture": "rainbow:gun/uv/rb60_gs",
    "slot": "rainbow:gun/slot/rb60_gs",
    "hud": "rainbow:gun/hud/rb60_gs",
    "muzzle_flash": {
        "texture": "rainbow:flash/circle_flash",
        "scale": 3
      },
    "transform": {
        "scale": {
            "thirdperson": [
                0.6,
                0.6,
                0.6
            ],
            "ground": [
                0.6,
                0.6,
                0.6
            ],
            "fixed": [
                1.0,
                1.0,
                1.0
            ]
        }
    },
    "sounds": {
        "shoot": "rainbow:rb60_gs/rb60_gs_shoot",
        "bolt": "rainbow:rb60_gs/rb60_gs_bolt",
        "reload_empty":"rainbow:rb60_gs/rb60_gs_reload_empty",
        "draw":"rainbow:rb60_gs/rb60_gs_draw",
        "put_away":"rainbow:rb60_gs/rb60_gs_put_away",
        "reload_tactical":"rainbow:rb60_gs/rb60_gs_reload_tactical",
        "inspect":"rainbow:rb60_gs/rb60_gs_inspect",
        "inspect_empty":"rainbow:rb60_gs/rb60_gs_inspect_empty",
        "shoot_3p":"rainbow:rb60_gs/rb60_gs_shoot_3p"

    },
    "third_person_animation": "default",
    "animation": "rainbow:rb60_gs",
    "use_default_animation": "rifle",
    "text_show": {
        "ammo_count_text_show_pos": {
            "scale": 0.725,
            "align": "center",
            "shadow": false,
            "color": "#ff50f8",
            "light": 15,
            "text": "rb60_gs_ammo_count"
        }
    }
}