{
  "ammo": "rainbow:60csr",
  "ammo_amount": 4,
  "extended_mag_ammo_amount": [
    5,
    7,
    8
  ],
  "bolt": "manual_action",
  "rpm": 151,
  "bullet": {
    "life": 1.1,
    "bullet_amount": 1,
    "damage": 80,
    "tracer_count_interval": 0,
    "extra_damage": {
      "armor_ignore": 1.00,
      "head_shot_multiplier": 4,
      "damage_adjust": [
        {"distance": 10, "damage": 40},
        {"distance": 50, "damage": 80},
        {"distance": 100, "damage": 75},
        {"distance": "infinite", "damage": 60}
      ]
    },
    "speed": 600,
    "gravity": 0.0245,
    "knockback": 0,
    "friction": 0.012,
    "ignite": false,
    "pierce": 10
  },
  "reload": {
    "type": "magazine",
    "feed": {
      "empty": 5.19,
      "tactical": 2.29
    },
    "cooldown": {
      "empty": 7.125,
      "tactical": 3.29
    }
  },
  "draw_time": 1.03,
  "put_away_time": 0.87,
  "aim_time": 0.27,
  "sprint_time": 0.2,
  "bolt_action_time": 1.43,
  "weight": 11.2,
  "movement_speed": {
    // 默认修正
    "base": 0.0,
    // 瞄准时
    "aim": -0.4,
    // 换弹时
    "reload": -0.2
  },
  "fire_mode": [
    "semi"
  ],
  "recoil": {
    "pitch": [
      {"time": 0, "value": [4.5, 4.5]},
      {"time": 0.32, "value": [4.5, 4.5]},
      {"time": 0.57, "value": [-0.5, -0.5]},
      {"time": 0.82, "value": [0.25, 0.25]},
      {"time": 1.17, "value": [0, 0]},
      {"time": 1.47, "value": [0, 0]}
    ],
    "yaw": [
      {"time": 0, "value": [-0.9, -0.75]},
      {"time": 0.32, "value": [-0.9, -0.75]},
      {"time": 0.57, "value": [0, 0]}
    ]
  },
  "inaccuracy": {
    "stand": 9,
    "move": 12.5,
    "sneak": 7.5,
    "lie": 6,
    "aim": 0.05
  },
  "allow_attachment_types": [
    "scope",
    "extended_mag",
    "grip"
  ]
}