{
	"format_version": "1.12.0",
	"minecraft:geometry": [
		{
			"description": {
				"identifier": "geometry.unknown",
				"texture_width": 16,
				"texture_height": 16,
				"visible_bounds_width": 2,
				"visible_bounds_height": 1.5,
				"visible_bounds_offset": [0, 0.25, 0]
			},
			"bones": [
				{
					"name": "bullet",
					"pivot": [0.00725, 0.237, -0.3605],
					"rotation": [90, 0, 0],
					"cubes": [
						{
							"origin": [-0.20775, -0.1335, -0.5755],
							"size": [0.43, 0.801, 0.43],
							"uv": {
								"north": {"uv": [0, 0], "uv_size": [0.375, 0.75]},
								"east": {"uv": [0, 1], "uv_size": [0.375, 0.75]},
								"south": {"uv": [1, 0], "uv_size": [0.375, 0.75]},
								"west": {"uv": [1, 1], "uv_size": [0.375, 0.75]},
								"up": {"uv": [0, 2], "uv_size": [0.375, 0.375]},
								"down": {"uv": [2, 0.375], "uv_size": [0.375, -0.375]}
							}
						},
						{
							"origin": [-0.13175, 0.8665, -0.4995],
							"size": [0.278, 0.101, 0.278],
							"pivot": [0.00725, 0.917, -0.3605],
							"rotation": [0, -45, 0],
							"uv": {
								"north": {"uv": [7, 4], "uv_size": [0.25, 0.125]},
								"east": {"uv": [5, 7], "uv_size": [0.25, 0.125]},
								"south": {"uv": [7, 5], "uv_size": [0.25, 0.125]},
								"west": {"uv": [6, 7], "uv_size": [0.25, 0.125]},
								"up": {"uv": [5, 2], "uv_size": [0.25, 0.25]},
								"down": {"uv": [3, 5.25], "uv_size": [0.25, -0.25]}
							}
						},
						{
							"origin": [-0.10775, 0.61716, -0.5755],
							"size": [0.23, 0.25834, 0.2531],
							"pivot": [0.00725, 1.087, -0.3605],
							"rotation": [22.5, 0, 0],
							"uv": {
								"north": {"uv": [1, 2], "uv_size": [0.25, 0.25]},
								"east": {"uv": [2, 1], "uv_size": [0.25, 0.25]},
								"south": {"uv": [2, 2], "uv_size": [0.25, 0.25]},
								"west": {"uv": [0, 3], "uv_size": [0.25, 0.25]},
								"up": {"uv": [3, 0], "uv_size": [0.25, 0.25]},
								"down": {"uv": [1, 3.25], "uv_size": [0.25, -0.25]}
							}
						},
						{
							"origin": [-0.10775, 0.61716, -0.5755],
							"size": [0.23, 0.25834, 0.2531],
							"pivot": [0.00725, 1.087, -0.3605],
							"rotation": [0, 90, -22.5],
							"uv": {
								"north": {"uv": [3, 1], "uv_size": [0.25, 0.25]},
								"east": {"uv": [2, 3], "uv_size": [0.25, 0.25]},
								"south": {"uv": [3, 2], "uv_size": [0.25, 0.25]},
								"west": {"uv": [3, 3], "uv_size": [0.25, 0.25]},
								"up": {"uv": [0, 4], "uv_size": [0.25, 0.25]},
								"down": {"uv": [4, 0.25], "uv_size": [0.25, -0.25]}
							}
						},
						{
							"origin": [-0.10775, 0.61716, -0.5755],
							"size": [0.23, 0.25834, 0.2531],
							"pivot": [0.00725, 1.087, -0.3605],
							"rotation": [-157.5, 0, -180],
							"uv": {
								"north": {"uv": [4, 4], "uv_size": [0.25, 0.25]},
								"east": {"uv": [0, 5], "uv_size": [0.25, 0.25]},
								"south": {"uv": [5, 0], "uv_size": [0.25, 0.25]},
								"west": {"uv": [1, 5], "uv_size": [0.25, 0.25]},
								"up": {"uv": [5, 1], "uv_size": [0.25, 0.25]},
								"down": {"uv": [2, 5.25], "uv_size": [0.25, -0.25]}
							}
						},
						{
							"origin": [-0.10775, 0.61716, -0.5755],
							"size": [0.23, 0.25834, 0.2531],
							"pivot": [0.00725, 1.087, -0.3605],
							"rotation": [0, -90, 22.5],
							"uv": {
								"north": {"uv": [1, 4], "uv_size": [0.25, 0.25]},
								"east": {"uv": [4, 1], "uv_size": [0.25, 0.25]},
								"south": {"uv": [2, 4], "uv_size": [0.25, 0.25]},
								"west": {"uv": [4, 2], "uv_size": [0.25, 0.25]},
								"up": {"uv": [3, 4], "uv_size": [0.25, 0.25]},
								"down": {"uv": [4, 3.25], "uv_size": [0.25, -0.25]}
							}
						},
						{
							"origin": [-0.10775, -0.3415, -0.5755],
							"size": [0.23, 0.25834, 0.2531],
							"pivot": [0.00725, -0.553, -0.3605],
							"rotation": [0, -90, -22.5],
							"uv": {
								"north": {"uv": [7, 1], "uv_size": [0.25, 0.25]},
								"east": {"uv": [2, 7], "uv_size": [0.25, 0.25]},
								"south": {"uv": [7, 2], "uv_size": [0.25, 0.25]},
								"west": {"uv": [3, 7], "uv_size": [0.25, 0.25]},
								"up": {"uv": [7, 3], "uv_size": [0.25, 0.25]},
								"down": {"uv": [4, 7.25], "uv_size": [0.25, -0.25]}
							}
						},
						{
							"origin": [-0.10775, -0.3415, -0.5755],
							"size": [0.23, 0.25834, 0.2531],
							"pivot": [0.00725, -0.553, -0.3605],
							"rotation": [0, 90, 22.5],
							"uv": {
								"north": {"uv": [5, 6], "uv_size": [0.25, 0.25]},
								"east": {"uv": [6, 5], "uv_size": [0.25, 0.25]},
								"south": {"uv": [6, 6], "uv_size": [0.25, 0.25]},
								"west": {"uv": [0, 7], "uv_size": [0.25, 0.25]},
								"up": {"uv": [7, 0], "uv_size": [0.25, 0.25]},
								"down": {"uv": [1, 7.25], "uv_size": [0.25, -0.25]}
							}
						},
						{
							"origin": [-0.10775, -0.3415, -0.5755],
							"size": [0.23, 0.25834, 0.2531],
							"pivot": [0.00725, -0.553, -0.3605],
							"rotation": [157.5, 0, 180],
							"uv": {
								"north": {"uv": [2, 6], "uv_size": [0.25, 0.25]},
								"east": {"uv": [6, 2], "uv_size": [0.25, 0.25]},
								"south": {"uv": [3, 6], "uv_size": [0.25, 0.25]},
								"west": {"uv": [6, 3], "uv_size": [0.25, 0.25]},
								"up": {"uv": [4, 6], "uv_size": [0.25, 0.25]},
								"down": {"uv": [6, 4.25], "uv_size": [0.25, -0.25]}
							}
						},
						{
							"origin": [-0.10775, -0.3415, -0.5755],
							"size": [0.23, 0.25834, 0.2531],
							"pivot": [0.00725, -0.553, -0.3605],
							"rotation": [-22.5, 0, 0],
							"uv": {
								"north": {"uv": [5, 4], "uv_size": [0.25, 0.25]},
								"east": {"uv": [5, 5], "uv_size": [0.25, 0.25]},
								"south": {"uv": [0, 6], "uv_size": [0.25, 0.25]},
								"west": {"uv": [6, 0], "uv_size": [0.25, 0.25]},
								"up": {"uv": [1, 6], "uv_size": [0.25, 0.25]},
								"down": {"uv": [6, 1.25], "uv_size": [0.25, -0.25]}
							}
						},
						{
							"origin": [-0.13175, -0.4335, -0.4995],
							"size": [0.278, 0.101, 0.278],
							"pivot": [0.00725, -0.383, -0.3605],
							"rotation": [0, -45, 0],
							"uv": {
								"north": {"uv": [7, 6], "uv_size": [0.25, 0.125]},
								"east": {"uv": [7, 7], "uv_size": [0.25, 0.125]},
								"south": {"uv": [0, 8], "uv_size": [0.25, 0.125]},
								"west": {"uv": [8, 0], "uv_size": [0.25, 0.125]},
								"up": {"uv": [5, 3], "uv_size": [0.25, 0.25]},
								"down": {"uv": [4, 5.25], "uv_size": [0.25, -0.25]}
							}
						}
					]
				}
			]
		}
	]
}